{"power": 7.307903020590407, "mlp_width": 622, "num_heads": 8, "conv1d_size": 4, "kernel_size": 3, "num_layers": 9, "d_model": 384, "lr": 0.000296226205446162}