{"power": 9.145402624264603, "mlp_width": 427, "num_heads": 1, "conv1d_size": 8, "kernel_size": 3, "num_layers": 9, "d_model": 256, "lr": 1.0379547529737512e-05}