{"power": 7.478803374646188, "mlp_width": 1019, "num_heads": 32, "conv1d_size": 9, "kernel_size": 7, "num_layers": 8, "d_model": 384, "lr": 0.0005755692667388787}