{"power": 11.738904532362007, "mlp_width": 562, "num_heads": 1, "conv1d_size": 7, "kernel_size": 5, "num_layers": 12, "d_model": 384, "lr": 0.00012038206872217868}