{"power": 5.829068620075678, "mlp_width": 951, "num_heads": 1, "conv1d_size": 5, "kernel_size": 9, "num_layers": 6, "d_model": 256, "lr": 4.9140825085496033e-05}