train_loss	test_loss
1.2864927404819557	1.2775166709953765
