{"power": 7.349246155135799, "mlp_width": 190, "num_heads": 8, "conv1d_size": 9, "kernel_size": 11, "num_layers": 9, "d_model": 128, "lr": 1.0656545980660023e-05}