{"power": 10.3340520347822, "mlp_width": 141, "num_heads": 2, "conv1d_size": 7, "kernel_size": 11, "num_layers": 11, "d_model": 256, "lr": 2.0273467978482657e-05}