train_loss	test_loss
1.3010002620143977	1.2977325884606752
