train_loss	test_loss
1.2388170698953065	1.2397305717112117
1.2253593477264713	1.2364362262343964
1.2215466857684487	1.231988607625249
1.219197103037055	1.2303177453917586
1.2177096530935425	1.2299539126548529
