train_loss	test_loss
1.2789055390717232	1.265488933685214
