train_loss	test_loss
1.2675888447135928	1.2052659030925081
1.1902018587892145	1.1829806363756268
1.1732521705299517	1.168358164261973
1.1640531970137724	1.1608260771751215
