train_loss	test_loss
1.2546833980156114	1.1896688206535349
1.1747694163133915	1.1623287026738756
1.1563917515458952	1.1507348416640966
