{"power": 7.765084534669485, "mlp_width": 980, "num_heads": 2, "conv1d_size": 7, "kernel_size": 5, "num_layers": 6, "d_model": 128, "lr": 8.233906693914855e-05}