train_loss	test_loss
1.2895029788147914	1.2811962934427483
