{"power": 4.136273231882124, "mlp_width": 269, "num_heads": 8, "conv1d_size": 8, "kernel_size": 3, "num_layers": 11, "d_model": 256, "lr": 9.409115481489772e-05}