{"power": 4.797705860794366, "mlp_width": 296, "num_heads": 8, "conv1d_size": 10, "kernel_size": 9, "num_layers": 7, "d_model": 128, "lr": 0.0001674681205380659}