{"power": 8.935991211373787, "mlp_width": 344, "num_heads": 2, "conv1d_size": 6, "kernel_size": 11, "num_layers": 11, "d_model": 128, "lr": 0.0007204441872445678}