train_loss	test_loss
2.9471191294406016	2.9488406499589166
2.9469852046877247	2.9487937109142663
2.947222854298099	2.9487528722286935
2.94705997635941	2.948678232139502
