{"power": 6.932562412840041, "mlp_width": 211, "num_heads": 16, "conv1d_size": 9, "kernel_size": 3, "num_layers": 4, "d_model": 384, "lr": 0.00013210465341993396}