{"power": 5.889530766723842, "mlp_width": 918, "num_heads": 2, "conv1d_size": 5, "kernel_size": 7, "num_layers": 8, "d_model": 384, "lr": 0.0006021767491684438}