train_loss	test_loss
1.3907974150693305	1.3936106130480765
