{"power": 6.199785179024254, "mlp_width": 1022, "num_heads": 2, "conv1d_size": 7, "kernel_size": 7, "num_layers": 5, "d_model": 384, "lr": 2.8746794410738227e-05}