{"power": 6.765101998634831, "mlp_width": 207, "num_heads": 1, "conv1d_size": 4, "kernel_size": 9, "num_layers": 11, "d_model": 256, "lr": 3.4522288517569976e-05}