{"power": 4.9428033088364085, "mlp_width": 274, "num_heads": 8, "conv1d_size": 7, "kernel_size": 11, "num_layers": 8, "d_model": 256, "lr": 4.6122792161572764e-05}