{"power": 6.983873474309642, "mlp_width": 676, "num_heads": 4, "conv1d_size": 6, "kernel_size": 3, "num_layers": 8, "d_model": 128, "lr": 0.0007747312867431283}