train_loss	test_loss
1.2829833397037906	1.2715428132947497
