{"power": 11.596384547707475, "mlp_width": 106, "num_heads": 16, "conv1d_size": 7, "kernel_size": 11, "num_layers": 12, "d_model": 256, "lr": 4.1582908657632036e-05}