{"power": 5.4286148163835675, "mlp_width": 481, "num_heads": 8, "conv1d_size": 7, "kernel_size": 11, "num_layers": 9, "d_model": 128, "lr": 1.1419167890900162e-05}