train_loss	test_loss
1.2464148616681905	1.2384789340519826
1.2235716663811305	1.2281524822165404
1.216085131255459	1.223086262066103
1.2120945573941757	1.2201876400713112
1.209857847701469	1.2186680287617782
1.2086350729476372	1.2173269461357712
1.2080477201775328	1.2170085080240256
1.2079680135805313	1.217766672471829
1.2085536982915173	1.2180985597478986
1.209778511986885	1.219363458231834
1.2129991697121973	1.2257102159566657
1.2217865703312774	1.2320712018646671
