{"power": 7.161069180866313, "mlp_width": 517, "num_heads": 2, "conv1d_size": 4, "kernel_size": 5, "num_layers": 8, "d_model": 256, "lr": 0.0009355781984019243}