{"power": 10.853426898689937, "mlp_width": 863, "num_heads": 8, "conv1d_size": 6, "kernel_size": 7, "num_layers": 6, "d_model": 256, "lr": 1.8062405498618076e-05}