{"power": 6.618154295828706, "mlp_width": 421, "num_heads": 8, "conv1d_size": 8, "kernel_size": 9, "num_layers": 12, "d_model": 128, "lr": 0.00028996159022716433}