{"power": 9.480914496910046, "mlp_width": 766, "num_heads": 2, "conv1d_size": 10, "kernel_size": 11, "num_layers": 7, "d_model": 128, "lr": 7.769210179838121e-05}