{"power": 4.189478632437432, "mlp_width": 913, "num_heads": 32, "conv1d_size": 9, "kernel_size": 11, "num_layers": 11, "d_model": 128, "lr": 0.0003984716866864079}